Date,Product,Category,Revenue,Region,Units Sold,Discount (%)
2022-01-01,Tablet,Mobile,4477.68,West,43,5
2022-01-02,Accessories,Accessories,4957.8,South,13,10
2022-01-03,Laptop,Electronics,354.51,South,37,15
2022-01-04,Tablet,Electronics,4420.39,South,33,10
2022-01-05,Tablet,Electronics,2604.59,South,24,
2022-01-06,Accessories,Electronics,4537.24,North,44,
2022-01-07,Laptop,Electronics,2878.03,East,11,20
2022-01-08,Laptop,Electronics,3327.45,North,17,5
2022-01-09,Tablet,Electronics,2741.71,West,4,20
2022-01-10,Smartphone,Mobile,4329.24,North,47,20
2022-01-11,Tablet,Accessories,3682.85,North,25,20
2022-01-12,Tablet,Electronics,2630.24,West,30,5
2022-01-13,Tablet,Mobile,4347.4,South,9,5
2022-01-14,Tablet,Mobile,1264.16,South,21,25
2022-01-15,Accessories,Accessories,828.84,South,20,10
2022-01-16,Laptop,Electronics,843.98,East,19,10
2022-01-17,Accessories,Accessories,1703.34,West,19,25
2022-01-18,Accessories,Electronics,1231.52,West,12,25
2022-01-19,Accessories,Mobile,4653.95,North,37,
2022-01-20,Tablet,Mobile,573.88,East,42,20
2022-01-21,Smartphone,Mobile,3510.0,South,17,25
2022-01-22,Laptop,Mobile,986.65,East,37,15
2022-01-23,Smartphone,Accessories,4414.1,West,48,10
2022-01-24,Accessories,Electronics,4808.51,West,39,25
2022-01-25,Accessories,Electronics,2354.08,North,28,15
2022-01-26,Smartphone,Accessories,4401.4,North,41,15
2022-01-27,Smartphone,Electronics,75.47,West,35,15
2022-01-28,Smartphone,Mobile,4108.74,South,47,
2022-01-29,Accessories,Electronics,1181.69,South,48,
2022-01-30,Accessories,Mobile,4548.07,East,18,15
2022-01-31,Laptop,Accessories,55.54,West,14,
2022-02-01,Laptop,Electronics,2803.1,West,35,20
2022-02-02,Accessories,Accessories,3795.35,South,44,15
2022-02-03,Smartphone,Electronics,1330.51,South,41,20
2022-02-04,Smartphone,Mobile,1006.01,West,7,20
2022-02-05,Laptop,Accessories,466.29,North,41,15
2022-02-06,Accessories,Electronics,1665.85,West,13,10
2022-02-07,Laptop,Mobile,2821.23,West,18,15
2022-02-08,Laptop,Accessories,623.43,South,37,15
2022-02-09,Tablet,Accessories,1914.64,South,13,
2022-02-10,Tablet,Electronics,94.91,North,36,15
2022-02-11,Tablet,Electronics,4102.46,North,31,10
2022-02-12,Smartphone,Electronics,685.82,East,2,
2022-02-13,Accessories,Mobile,1452.55,West,16,5
2022-02-14,Accessories,Electronics,141.22,South,9,5
2022-02-15,Accessories,Accessories,2189.59,North,9,20
2022-02-16,Accessories,Accessories,4208.6,East,38,20
2022-02-17,Tablet,Electronics,1991.15,East,11,10
2022-02-18,Smartphone,Electronics,938.51,South,22,25
2022-02-19,Smartphone,Accessories,3780.81,South,33,5
2022-02-20,Tablet,Mobile,3954.59,East,36,20
2022-02-21,Smartphone,Electronics,910.08,North,45,5
2022-02-22,Tablet,Electronics,3865.73,East,23,10
2022-02-23,Accessories,Accessories,4739.12,West,45,10
2022-02-24,Tablet,Electronics,873.57,West,45,25
2022-02-25,Accessories,Mobile,3866.37,South,34,25
2022-02-26,Accessories,Accessories,3557.43,North,9,
2022-02-27,Laptop,Electronics,2394.19,North,24,10
2022-02-28,Tablet,Accessories,336.71,West,8,20
2022-03-01,Laptop,Electronics,419.74,East,7,5
2022-03-02,Tablet,Electronics,4269.45,South,36,15
2022-03-03,Tablet,Electronics,4951.23,East,18,25
2022-03-04,Laptop,Mobile,3396.46,East,3,15
2022-03-05,Laptop,Mobile,2257.49,East,28,20
2022-03-06,Tablet,Accessories,3255.49,North,6,25
2022-03-07,Smartphone,Electronics,2992.26,West,44,15
2022-03-08,Accessories,Electronics,1948.88,North,44,20
2022-03-09,Laptop,Mobile,374.85,West,21,5
2022-03-10,Accessories,Electronics,4116.49,South,28,20
2022-03-11,Smartphone,Mobile,1890.58,South,40,
2022-03-12,Smartphone,Electronics,4102.99,East,1,25
2022-03-13,Smartphone,Accessories,1299.92,West,36,10
2022-03-14,Laptop,Electronics,55.1,West,21,5
2022-03-15,Smartphone,Electronics,836.74,West,43,15
2022-03-16,Laptop,Mobile,2369.27,East,35,25
2022-03-17,Smartphone,Electronics,4724.3,East,13,10
2022-03-18,Accessories,Electronics,555.86,South,49,20
2022-03-19,Accessories,Mobile,4278.34,North,10,10
2022-03-20,Tablet,Accessories,2658.77,West,44,25
2022-03-21,Accessories,Accessories,4138.31,West,47,25
2022-03-22,Tablet,Mobile,1526.95,North,10,
2022-03-23,Accessories,Mobile,4207.74,West,46,
2022-03-24,Laptop,Mobile,3875.47,East,13,10
2022-03-25,Accessories,Mobile,1188.77,East,37,20
2022-03-26,Tablet,Mobile,700.11,West,38,10
2022-03-27,Tablet,Accessories,4346.87,East,24,25
2022-03-28,Smartphone,Accessories,4818.02,East,2,25
2022-03-29,Laptop,Mobile,204.95,West,22,15
2022-03-30,Accessories,Electronics,3669.79,South,17,
2022-03-31,Smartphone,Mobile,4552.15,North,36,15
2022-04-01,Accessories,Electronics,4293.93,East,14,5
2022-04-02,Accessories,Mobile,4824.38,South,10,25
2022-04-03,Smartphone,Mobile,3812.47,East,35,15
2022-04-04,Smartphone,Accessories,2239.38,East,25,10
2022-04-05,Smartphone,Electronics,1594.16,North,3,
2022-04-06,Smartphone,Electronics,1637.68,East,47,
2022-04-07,Smartphone,Accessories,3635.89,North,38,20
2022-04-08,Accessories,Accessories,3741.89,North,17,10
2022-04-09,Smartphone,Accessories,1041.78,North,12,20
2022-04-10,Laptop,Accessories,4347.21,South,24,15
2022-04-11,Tablet,Electronics,3588.87,West,29,5
2022-04-12,Smartphone,Electronics,2835.61,South,43,10
2022-04-13,Smartphone,Mobile,2384.09,West,25,10
2022-04-14,Accessories,Mobile,2739.0,West,36,10
2022-04-15,Smartphone,Accessories,838.27,North,26,20
2022-04-16,Smartphone,Accessories,1058.32,East,38,15
2022-04-17,Smartphone,Accessories,501.26,North,1,10
2022-04-18,Accessories,Mobile,810.61,East,20,10
2022-04-19,Smartphone,Mobile,2295.78,West,28,
2022-04-20,Tablet,Mobile,2675.25,North,16,5
2022-04-21,Accessories,Mobile,138.42,East,47,
2022-04-22,Tablet,Mobile,3994.15,South,17,
2022-04-23,Accessories,Mobile,1506.13,East,40,5
2022-04-24,Smartphone,Mobile,4563.59,North,28,15
2022-04-25,Tablet,Accessories,4839.18,South,12,
2022-04-26,Accessories,Accessories,968.02,East,27,15
2022-04-27,Laptop,Accessories,2337.38,East,42,
2022-04-28,Smartphone,Accessories,56.1,East,47,25
2022-04-29,Accessories,Mobile,3011.72,East,30,5
2022-04-30,Laptop,Electronics,3056.17,East,41,
2022-05-01,Accessories,Mobile,1275.32,South,34,25
2022-05-02,Laptop,Electronics,2814.14,West,37,20
2022-05-03,Smartphone,Accessories,1166.42,South,6,25
2022-05-04,Tablet,Mobile,846.09,South,7,10
2022-05-05,Laptop,Accessories,3275.02,South,32,
2022-05-06,Accessories,Mobile,1663.33,West,32,25
2022-05-07,Smartphone,Accessories,2971.81,North,25,15
2022-05-08,Laptop,Electronics,2194.57,West,33,20
2022-05-09,Accessories,Electronics,4922.54,South,7,
2022-05-10,Accessories,Electronics,790.42,East,12,10
2022-05-11,Accessories,Mobile,2349.76,East,16,25
2022-05-12,Laptop,Electronics,3418.26,South,16,20
2022-05-13,Laptop,Mobile,2007.95,East,43,
2022-05-14,Laptop,Electronics,4874.76,South,36,20
2022-05-15,Tablet,Electronics,3623.34,East,13,10
2022-05-16,Laptop,Mobile,3302.07,West,7,25
2022-05-17,Laptop,Mobile,3797.44,North,36,20
2022-05-18,Laptop,Electronics,4765.61,North,47,20
2022-05-19,Tablet,Mobile,4543.7,West,9,5
2022-05-20,Laptop,Electronics,3635.21,West,32,20
2022-05-21,Accessories,Mobile,3758.35,South,11,5
2022-05-22,Laptop,Accessories,772.31,South,8,25
2022-05-23,Accessories,Accessories,558.82,South,33,
2022-05-24,Accessories,Accessories,2875.98,East,23,
2022-05-25,Accessories,Accessories,140.92,South,25,25
2022-05-26,Tablet,Accessories,2437.66,West,8,25
2022-05-27,Tablet,Electronics,1091.23,North,45,15
2022-05-28,Tablet,Accessories,1762.78,East,22,25
2022-05-29,Laptop,Accessories,3890.23,South,4,20
2022-05-30,Accessories,Accessories,4709.13,East,40,
2022-05-31,Tablet,Accessories,408.46,East,3,10
2022-06-01,Tablet,Mobile,2694.5,South,29,
2022-06-02,Laptop,Electronics,4418.54,East,41,5
2022-06-03,Tablet,Accessories,458.42,North,29,
2022-06-04,Laptop,Accessories,4131.34,West,34,15
2022-06-05,Smartphone,Accessories,1821.12,West,34,25
2022-06-06,Tablet,Electronics,1644.37,North,28,25
2022-06-07,Smartphone,Mobile,4888.46,East,13,
2022-06-08,Laptop,Electronics,1044.25,South,15,10
2022-06-09,Accessories,Mobile,3481.31,East,23,10
2022-06-10,Tablet,Accessories,4116.13,North,44,15
2022-06-11,Laptop,Accessories,253.86,East,26,5
2022-06-12,Accessories,Electronics,3368.41,West,4,
2022-06-13,Accessories,Electronics,4760.17,East,26,25
2022-06-14,Smartphone,Mobile,664.89,North,40,
2022-06-15,Laptop,Mobile,4486.3,West,9,15
2022-06-16,Accessories,Electronics,2994.14,East,5,20
2022-06-17,Tablet,Mobile,3102.19,East,32,20
2022-06-18,Tablet,Electronics,3084.07,West,20,15
2022-06-19,Smartphone,Mobile,1529.24,South,11,25
2022-06-20,Accessories,Electronics,4679.25,West,15,15
2022-06-21,Laptop,Electronics,4739.38,South,32,25
2022-06-22,Tablet,Electronics,3145.26,North,28,10
2022-06-23,Accessories,Mobile,3927.94,North,22,15
2022-06-24,Accessories,Mobile,3080.68,West,41,25
2022-06-25,Smartphone,Mobile,2447.77,West,17,15
2022-06-26,Tablet,Electronics,3321.06,North,26,15
2022-06-27,Tablet,Mobile,2787.36,South,44,25
2022-06-28,Laptop,Mobile,3007.51,North,7,25
2022-06-29,Tablet,Electronics,3929.97,West,42,5
2022-06-30,Laptop,Accessories,2430.47,North,26,15
2022-07-01,Tablet,Electronics,251.73,West,25,20
2022-07-02,Smartphone,Mobile,861.8,West,10,15
2022-07-03,Tablet,Electronics,2221.11,North,45,15
2022-07-04,Laptop,Accessories,3637.89,South,19,25
2022-07-05,Laptop,Electronics,2986.73,East,11,15
2022-07-06,Smartphone,Mobile,3268.96,North,13,
2022-07-07,Tablet,Accessories,2422.43,East,8,15
2022-07-08,Tablet,Mobile,3097.92,North,40,
2022-07-09,Smartphone,Accessories,1678.64,East,4,20
2022-07-10,Tablet,Accessories,2377.4,South,47,25
2022-07-11,Tablet,Electronics,3734.18,South,31,15
2022-07-12,Laptop,Electronics,4365.57,North,28,
2022-07-13,Tablet,Mobile,2196.59,West,11,
2022-07-14,Tablet,Electronics,266.13,East,43,
2022-07-15,Smartphone,Electronics,850.28,West,1,10
2022-07-16,Smartphone,Accessories,153.26,West,49,5
2022-07-17,Accessories,Electronics,3283.65,West,47,20
2022-07-18,Laptop,Accessories,1694.96,South,38,15
2022-07-19,Tablet,Accessories,2735.27,North,24,10
2022-07-20,Tablet,Accessories,2491.72,North,47,15
2022-07-21,Accessories,Mobile,453.56,South,31,15
2022-07-22,Tablet,Mobile,2046.14,South,41,25
2022-07-23,Laptop,Mobile,1141.78,North,46,25
2022-07-24,Accessories,Accessories,2121.08,West,26,25
2022-07-25,Laptop,Mobile,1057.71,East,49,10
2022-07-26,Accessories,Mobile,4210.24,East,5,15
2022-07-27,Accessories,Electronics,912.26,East,20,5
2022-07-28,Smartphone,Mobile,4805.86,West,41,20
2022-07-29,Laptop,Mobile,2108.74,North,11,25
2022-07-30,Tablet,Accessories,4238.91,South,33,25
2022-07-31,Tablet,Accessories,3162.39,North,38,15
2022-08-01,Laptop,Accessories,3689.98,West,27,15
2022-08-02,Tablet,Accessories,3850.23,South,34,10
2022-08-03,Tablet,Accessories,2548.98,West,15,10
2022-08-04,Laptop,Accessories,2739.34,East,32,25
2022-08-05,Accessories,Mobile,2594.28,East,21,15
2022-08-06,Laptop,Accessories,2960.89,West,46,5
2022-08-07,Accessories,Accessories,195.5,South,5,20
2022-08-08,Tablet,Electronics,2007.8,South,6,15
2022-08-09,Tablet,Mobile,3050.63,North,38,15
2022-08-10,Tablet,Mobile,3008.73,East,22,
2022-08-11,Smartphone,Mobile,3975.13,North,18,10
2022-08-12,Accessories,Accessories,3292.3,North,14,20
2022-08-13,Smartphone,Accessories,4961.06,West,10,25
2022-08-14,Smartphone,Accessories,1455.08,West,46,15
2022-08-15,Laptop,Electronics,1827.8,North,13,25
2022-08-16,Smartphone,Accessories,1950.04,East,31,15
2022-08-17,Laptop,Electronics,2355.77,West,30,25
2022-08-18,Laptop,Mobile,4188.19,North,3,20
2022-08-19,Smartphone,Accessories,1217.17,North,30,10
2022-08-20,Accessories,Electronics,3891.2,North,6,20
2022-08-21,Accessories,Electronics,2056.29,North,29,
2022-08-22,Accessories,Accessories,3029.18,North,8,5
2022-08-23,Accessories,Mobile,3181.08,North,44,10
2022-08-24,Accessories,Mobile,1895.6,West,45,20
2022-08-25,Smartphone,Mobile,2587.45,East,43,
2022-08-26,Smartphone,Electronics,2094.5,North,44,5
2022-08-27,Tablet,Electronics,392.21,South,33,
2022-08-28,Accessories,Electronics,2213.97,West,17,15
2022-08-29,Smartphone,Electronics,532.1,West,48,15
2022-08-30,Tablet,Mobile,2054.85,North,11,25
2022-08-31,Accessories,Accessories,2984.95,West,13,10
2022-09-01,Laptop,Electronics,2918.1,North,11,15
2022-09-02,Tablet,Electronics,3329.98,East,31,
2022-09-03,Smartphone,Mobile,521.54,East,28,10
2022-09-04,Laptop,Accessories,3278.01,West,44,15
2022-09-05,Laptop,Accessories,1595.13,West,6,25
2022-09-06,Laptop,Mobile,2025.28,South,41,20
2022-09-07,Tablet,Mobile,4297.03,West,16,25
2022-09-08,Smartphone,Accessories,94.7,South,4,5
2022-09-09,Laptop,Electronics,2962.64,East,35,15
2022-09-10,Accessories,Accessories,3013.63,East,48,5
2022-09-11,Laptop,Mobile,2013.47,North,26,5
2022-09-12,Laptop,Electronics,1223.29,East,12,
2022-09-13,Tablet,Electronics,1211.64,South,11,10
2022-09-14,Tablet,Mobile,4424.36,West,37,
2022-09-15,Smartphone,Mobile,2238.02,North,25,15
2022-09-16,Accessories,Mobile,1687.9,South,18,5
2022-09-17,Tablet,Accessories,2271.45,West,19,20
2022-09-18,Laptop,Accessories,3363.48,North,23,5
2022-09-19,Smartphone,Electronics,771.5,East,38,20
2022-09-20,Laptop,Mobile,2274.7,South,18,
2022-09-21,Laptop,Electronics,2960.03,West,26,
2022-09-22,Tablet,Electronics,4745.49,North,6,10
2022-09-23,Smartphone,Electronics,1300.01,North,4,5
2022-09-24,Accessories,Electronics,1828.29,East,44,25
2022-09-25,Accessories,Mobile,1927.83,West,29,
2022-09-26,Tablet,Electronics,3047.41,East,34,
2022-09-27,Tablet,Mobile,1815.82,East,17,10
2022-09-28,Smartphone,Mobile,2690.88,West,43,20
2022-09-29,Accessories,Accessories,3919.86,West,43,10
2022-09-30,Accessories,Mobile,3541.66,West,16,5
2022-10-01,Accessories,Accessories,2259.52,South,2,15
2022-10-02,Laptop,Mobile,4327.87,West,34,15
2022-10-03,Accessories,Mobile,2812.79,North,8,20
2022-10-04,Laptop,Mobile,2722.53,East,13,
2022-10-05,Smartphone,Accessories,219.23,South,42,20
2022-10-06,Laptop,Accessories,4934.13,West,8,
2022-10-07,Smartphone,Electronics,658.71,South,30,
2022-10-08,Accessories,Accessories,1194.1,West,32,15
2022-10-09,Accessories,Accessories,305.9,South,36,20
2022-10-10,Smartphone,Accessories,3218.01,East,47,10
2022-10-11,Tablet,Accessories,1162.27,East,30,
2022-10-12,Smartphone,Electronics,941.05,North,1,25
2022-10-13,Tablet,Accessories,488.35,North,43,25
2022-10-14,Laptop,Mobile,561.38,West,39,10
2022-10-15,Laptop,Mobile,2944.12,East,17,25
2022-10-16,Laptop,Accessories,3456.63,South,20,5
2022-10-17,Accessories,Accessories,2017.03,South,24,
2022-10-18,Laptop,Mobile,2425.49,South,22,10
2022-10-19,Tablet,Mobile,3445.54,North,29,20
2022-10-20,Laptop,Electronics,136.03,South,22,
2022-10-21,Smartphone,Mobile,1649.5,North,44,10
2022-10-22,Smartphone,Mobile,4866.83,North,9,15
2022-10-23,Accessories,Accessories,2921.56,West,37,20
2022-10-24,Smartphone,Mobile,1308.41,South,10,15
2022-10-25,Tablet,Electronics,2632.56,South,36,
2022-10-26,Laptop,Mobile,1746.13,East,37,20
2022-10-27,Accessories,Accessories,2684.61,West,28,25
2022-10-28,Laptop,Accessories,672.42,East,28,10
2022-10-29,Laptop,Mobile,706.94,West,42,
2022-10-30,Tablet,Accessories,760.53,South,43,5
2022-10-31,Smartphone,Electronics,4702.11,North,21,20
2022-11-01,Smartphone,Electronics,3677.85,North,24,20
2022-11-02,Laptop,Mobile,853.79,North,42,
2022-11-03,Accessories,Mobile,982.33,North,40,
2022-11-04,Smartphone,Mobile,3667.61,North,2,15
2022-11-05,Accessories,Accessories,823.01,East,8,25
2022-11-06,Smartphone,Electronics,1211.08,West,48,15
2022-11-07,Accessories,Electronics,4818.57,South,27,15
2022-11-08,Tablet,Accessories,1313.77,East,22,25
2022-11-09,Accessories,Electronics,3325.08,West,37,5
2022-11-10,Tablet,Mobile,4894.22,North,27,15
2022-11-11,Tablet,Mobile,1902.77,West,29,15
2022-11-12,Accessories,Mobile,136.7,West,3,20
2022-11-13,Tablet,Electronics,1258.53,North,44,25
2022-11-14,Laptop,Mobile,4162.84,North,13,10
2022-11-15,Tablet,Accessories,4329.81,North,45,5
2022-11-16,Smartphone,Accessories,3854.17,South,10,5
2022-11-17,Accessories,Electronics,609.89,North,36,25
2022-11-18,Laptop,Accessories,3987.78,South,9,
2022-11-19,Accessories,Accessories,4597.46,North,27,
2022-11-20,Smartphone,Electronics,3023.02,South,34,20
2022-11-21,Smartphone,Mobile,4707.33,West,1,20
2022-11-22,Smartphone,Mobile,4142.85,East,32,25
2022-11-23,Tablet,Mobile,3351.51,West,25,20
2022-11-24,Tablet,Electronics,2907.07,West,29,5
2022-11-25,Accessories,Accessories,1775.44,North,7,5
2022-11-26,Accessories,Mobile,838.47,South,49,10
2022-11-27,Laptop,Mobile,3044.52,East,3,
2022-11-28,Laptop,Electronics,1624.65,North,20,25
2022-11-29,Accessories,Mobile,4338.87,North,20,15
2022-11-30,Tablet,Electronics,4967.02,North,30,
2022-12-01,Smartphone,Accessories,3774.52,West,35,15
2022-12-02,Accessories,Electronics,497.88,South,35,10
2022-12-03,Laptop,Electronics,1478.99,South,49,10
2022-12-04,Tablet,Electronics,590.09,East,39,20
2022-12-05,Accessories,Electronics,3270.03,South,27,10
2022-12-06,Accessories,Accessories,3837.69,South,26,10
2022-12-07,Tablet,Accessories,4632.09,North,14,15
2022-12-08,Accessories,Mobile,2218.95,North,17,20
2022-12-09,Tablet,Accessories,4511.81,West,18,10
2022-12-10,Smartphone,Accessories,4395.56,North,45,
2022-12-11,Tablet,Mobile,1620.12,North,29,10
2022-12-12,Tablet,Accessories,4351.06,North,20,20
2022-12-13,Tablet,Electronics,1909.58,North,27,25
2022-12-14,Accessories,Electronics,1519.5,West,18,20
2022-12-15,Accessories,Mobile,3262.92,North,4,15
2022-12-16,Tablet,Mobile,1675.49,East,1,25
2022-12-17,Accessories,Mobile,3169.53,East,1,
2022-12-18,Laptop,Electronics,3068.67,East,26,5
2022-12-19,Laptop,Accessories,2839.02,East,45,20
2022-12-20,Accessories,Electronics,1933.08,North,20,15
2022-12-21,Accessories,Mobile,2765.07,East,23,
2022-12-22,Tablet,Accessories,3002.6,North,10,25
2022-12-23,Smartphone,Accessories,2751.15,West,11,
2022-12-24,Accessories,Electronics,2249.88,East,41,20
2022-12-25,Laptop,Mobile,122.6,South,41,10
2022-12-26,Tablet,Electronics,2955.96,East,5,20
2022-12-27,Accessories,Accessories,883.8,East,1,5
2022-12-28,Laptop,Electronics,3230.75,North,17,20
2022-12-29,Laptop,Electronics,3808.75,East,22,25
2022-12-30,Smartphone,Mobile,2527.2,South,34,25
2022-12-31,Tablet,Mobile,2734.7,North,45,20
2023-01-01,Tablet,Accessories,4759.82,North,41,25
2023-01-02,Smartphone,Electronics,4243.48,West,29,10
2023-01-03,Smartphone,Electronics,4575.47,West,4,
2023-01-04,Tablet,Electronics,4078.14,East,5,20
2023-01-05,Tablet,Accessories,589.15,West,11,10
2023-01-06,Accessories,Accessories,787.51,West,21,
2023-01-07,Accessories,Mobile,2656.79,West,35,
2023-01-08,Smartphone,Mobile,1268.04,North,12,10
2023-01-09,Accessories,Mobile,2409.64,North,26,15
2023-01-10,Laptop,Electronics,2002.11,North,19,20
2023-01-11,Accessories,Electronics,2769.6,West,45,
2023-01-12,Accessories,Mobile,3747.03,North,7,
2023-01-13,Laptop,Electronics,3591.68,West,47,25
2023-01-14,Smartphone,Mobile,2630.11,North,7,
2023-01-15,Laptop,Accessories,4120.85,North,26,10
2023-01-16,Accessories,Mobile,2182.77,South,40,
2023-01-17,Smartphone,Accessories,4488.74,East,5,15
2023-01-18,Accessories,Electronics,402.84,West,21,20
2023-01-19,Laptop,Mobile,4775.57,South,14,20
2023-01-20,Laptop,Electronics,3290.73,North,4,
2023-01-21,Accessories,Accessories,1931.37,West,23,5
2023-01-22,Tablet,Accessories,1025.91,North,42,5
2023-01-23,Tablet,Accessories,2421.96,East,20,10
2023-01-24,Laptop,Electronics,1013.06,South,15,5
2023-01-25,Laptop,Electronics,873.34,East,45,10
2023-01-26,Tablet,Electronics,3105.89,South,29,25
2023-01-27,Tablet,Electronics,2639.27,North,8,10
2023-01-28,Accessories,Accessories,3366.98,East,41,5
2023-01-29,Accessories,Accessories,4651.55,East,48,
2023-01-30,Tablet,Mobile,2684.69,North,19,25
2023-01-31,Accessories,Mobile,2925.61,East,48,5
2023-02-01,Accessories,Electronics,493.65,West,39,10
2023-02-02,Smartphone,Accessories,3602.3,South,46,15
2023-02-03,Accessories,Accessories,2029.53,South,28,20
2023-02-04,Laptop,Accessories,4884.79,South,46,5
2023-02-05,Accessories,Mobile,4124.71,West,27,10
2023-02-06,Accessories,Mobile,2636.28,South,4,25
2023-02-07,Tablet,Accessories,659.95,North,15,5
2023-02-08,Laptop,Accessories,4304.11,East,35,5
2023-02-09,Accessories,Accessories,4008.92,West,37,20
2023-02-10,Accessories,Mobile,963.7,South,1,10
2023-02-11,Smartphone,Accessories,1511.63,North,3,15
2023-02-12,Accessories,Accessories,3977.37,East,47,25
2023-02-13,Accessories,Electronics,966.88,East,24,10
2023-02-14,Smartphone,Electronics,4592.87,West,27,25
2023-02-15,Tablet,Mobile,2151.41,West,40,5
2023-02-16,Accessories,Accessories,480.84,West,36,20
2023-02-17,Smartphone,Accessories,4087.96,North,34,20
2023-02-18,Laptop,Electronics,1898.87,North,29,
2023-02-19,Tablet,Mobile,2656.17,West,24,15
2023-02-20,Laptop,Electronics,605.91,South,24,20
2023-02-21,Laptop,Electronics,62.79,East,42,5
2023-02-22,Smartphone,Electronics,3208.03,East,4,15
2023-02-23,Accessories,Electronics,2600.12,North,3,10
2023-02-24,Smartphone,Accessories,2988.02,East,34,20
2023-02-25,Smartphone,Accessories,3979.03,South,49,15
2023-02-26,Smartphone,Electronics,3250.7,East,23,5
2023-02-27,Smartphone,Mobile,915.13,North,23,
2023-02-28,Tablet,Mobile,1835.82,North,45,25
2023-03-01,Accessories,Mobile,4534.16,South,5,25
2023-03-02,Laptop,Mobile,3861.23,South,31,5
2023-03-03,Laptop,Electronics,2805.35,East,41,5
2023-03-04,Accessories,Accessories,1315.44,East,6,25
2023-03-05,Laptop,Mobile,1545.2,North,37,
2023-03-06,Accessories,Electronics,3673.19,South,10,15
2023-03-07,Laptop,Mobile,4263.31,South,40,25
2023-03-08,Smartphone,Mobile,3373.55,South,7,5
2023-03-09,Laptop,Electronics,4057.17,East,39,20
2023-03-10,Accessories,Accessories,3844.95,South,38,10
2023-03-11,Accessories,Accessories,791.03,North,21,
2023-03-12,Accessories,Electronics,2148.53,North,20,
2023-03-13,Accessories,Accessories,807.27,East,3,20
2023-03-14,Accessories,Electronics,1214.42,West,22,20
2023-03-15,Tablet,Electronics,4352.84,East,47,5
2023-03-16,Tablet,Electronics,2390.82,West,4,25
2023-03-17,Laptop,Accessories,2700.02,South,28,15
2023-03-18,Accessories,Electronics,933.31,East,12,
2023-03-19,Laptop,Mobile,1595.75,North,38,
2023-03-20,Accessories,Accessories,1189.72,South,36,20
2023-03-21,Accessories,Accessories,1070.62,North,47,25
2023-03-22,Tablet,Accessories,3207.91,South,41,
2023-03-23,Tablet,Accessories,1321.58,East,5,15
2023-03-24,Smartphone,Mobile,3178.48,West,13,20
2023-03-25,Tablet,Accessories,339.35,South,23,15
2023-03-26,Smartphone,Accessories,751.78,West,30,25
2023-03-27,Smartphone,Electronics,1408.97,South,37,
2023-03-28,Smartphone,Accessories,3005.38,North,25,10
2023-03-29,Smartphone,Mobile,3395.41,North,48,
2023-03-30,Smartphone,Mobile,2241.45,South,27,25
2023-03-31,Laptop,Mobile,2256.67,West,14,
2023-04-01,Tablet,Mobile,3636.36,East,48,
2023-04-02,Smartphone,Accessories,128.31,East,47,5
2023-04-03,Accessories,Accessories,1738.4,North,36,
2023-04-04,Tablet,Mobile,4102.6,East,39,
2023-04-05,Tablet,Mobile,3035.94,North,16,15
2023-04-06,Smartphone,Accessories,1719.27,East,22,10
2023-04-07,Laptop,Mobile,4532.35,South,21,15
2023-04-08,Smartphone,Electronics,3874.48,North,21,15
2023-04-09,Laptop,Mobile,1361.23,North,8,20
2023-04-10,Accessories,Mobile,3244.18,South,49,5
2023-04-11,Tablet,Electronics,2998.97,North,16,15
2023-04-12,Accessories,Electronics,2035.88,East,31,25
2023-04-13,Laptop,Accessories,1866.43,East,42,25
2023-04-14,Laptop,Accessories,1750.62,North,10,
2023-04-15,Accessories,Electronics,3104.92,East,32,20
2023-04-16,Laptop,Electronics,2239.93,West,34,5
2023-04-17,Accessories,Accessories,4167.72,North,9,5
2023-04-18,Tablet,Mobile,3364.53,South,17,
2023-04-19,Accessories,Electronics,396.16,West,11,25
2023-04-20,Tablet,Accessories,3218.83,North,32,10
2023-04-21,Accessories,Mobile,1392.18,South,10,20
2023-04-22,Laptop,Electronics,2984.42,East,22,
2023-04-23,Accessories,Mobile,3416.65,South,17,20
2023-04-24,Laptop,Accessories,1192.6,West,4,25
2023-04-25,Accessories,Electronics,2311.45,East,48,25
2023-04-26,Accessories,Mobile,992.11,North,47,10
2023-04-27,Smartphone,Electronics,309.08,East,25,10
2023-04-28,Laptop,Mobile,1923.46,North,21,5
2023-04-29,Smartphone,Accessories,1846.57,North,37,20
2023-04-30,Laptop,Accessories,4977.63,South,38,20
2023-05-01,Smartphone,Electronics,2259.44,South,49,25
2023-05-02,Tablet,Mobile,1701.17,South,1,5
2023-05-03,Accessories,Electronics,2923.35,West,25,
2023-05-04,Laptop,Electronics,489.4,West,36,20
2023-05-05,Laptop,Mobile,4810.25,South,17,5
2023-05-06,Accessories,Mobile,3193.05,West,41,5
2023-05-07,Laptop,Mobile,3786.45,East,24,25
2023-05-08,Laptop,Accessories,893.87,East,2,5
2023-05-09,Smartphone,Electronics,2076.92,West,40,10
2023-05-10,Laptop,Electronics,2142.31,West,15,10
2023-05-11,Tablet,Accessories,4117.94,East,32,15
2023-05-12,Tablet,Mobile,56.12,North,39,25
2023-05-13,Accessories,Accessories,1539.22,East,6,
2023-05-14,Laptop,Accessories,4907.12,East,1,15
2023-05-15,Accessories,Accessories,2400.69,West,47,10
2023-05-16,Tablet,Electronics,1943.51,East,23,15
2023-05-17,Laptop,Accessories,643.15,West,39,25
2023-05-18,Laptop,Electronics,4872.11,West,17,25
2023-05-19,Accessories,Electronics,149.13,South,34,5
2023-05-20,Tablet,Electronics,3699.04,East,41,20
2023-05-21,Laptop,Mobile,3854.57,North,29,5
2023-05-22,Accessories,Electronics,1256.1,South,9,25
2023-05-23,Tablet,Electronics,3374.21,West,13,10
2023-05-24,Accessories,Mobile,510.0,West,6,
2023-05-25,Smartphone,Electronics,1322.38,North,6,10
2023-05-26,Laptop,Accessories,3950.11,West,20,5
2023-05-27,Smartphone,Accessories,4330.2,East,3,
2023-05-28,Tablet,Electronics,3062.01,South,17,25
2023-05-29,Smartphone,Mobile,2558.85,West,49,10
2023-05-30,Smartphone,Accessories,838.55,West,12,25
2023-05-31,Tablet,Mobile,362.39,North,48,
2023-06-01,Accessories,Mobile,632.36,East,47,
2023-06-02,Smartphone,Accessories,1175.42,West,45,10
2023-06-03,Accessories,Mobile,1741.29,North,1,25
2023-06-04,Smartphone,Accessories,1935.5,West,17,15
2023-06-05,Accessories,Mobile,1764.29,North,3,25
2023-06-06,Tablet,Accessories,1233.32,North,26,
2023-06-07,Smartphone,Electronics,2573.14,East,15,25
2023-06-08,Tablet,Accessories,4135.17,West,36,5
2023-06-09,Smartphone,Accessories,1434.53,East,32,15
2023-06-10,Tablet,Accessories,4714.82,North,32,20
2023-06-11,Tablet,Accessories,4373.02,South,4,5
2023-06-12,Smartphone,Mobile,850.73,West,18,20
2023-06-13,Smartphone,Electronics,3942.07,South,49,10
2023-06-14,Smartphone,Accessories,2894.21,West,19,20
2023-06-15,Laptop,Mobile,2854.55,East,43,25
2023-06-16,Accessories,Electronics,1985.66,East,35,20
2023-06-17,Laptop,Electronics,2530.71,East,40,
2023-06-18,Laptop,Electronics,2016.03,East,14,5
2023-06-19,Tablet,Electronics,2721.68,East,33,5
2023-06-20,Smartphone,Accessories,3158.35,South,14,20
2023-06-21,Accessories,Accessories,3387.8,East,34,5
2023-06-22,Tablet,Mobile,2685.78,North,4,
2023-06-23,Laptop,Mobile,3621.04,North,24,5
2023-06-24,Smartphone,Mobile,749.33,South,29,20
2023-06-25,Tablet,Electronics,1099.31,West,19,15
2023-06-26,Smartphone,Electronics,4102.74,North,6,15
2023-06-27,Tablet,Accessories,1646.51,West,33,10
2023-06-28,Smartphone,Electronics,163.32,South,49,5
2023-06-29,Laptop,Electronics,811.27,West,40,20
2023-06-30,Accessories,Electronics,1156.89,West,19,5
2023-07-01,Laptop,Mobile,4788.75,West,1,25
2023-07-02,Accessories,Mobile,2886.56,West,5,
2023-07-03,Smartphone,Accessories,4667.02,South,27,5
2023-07-04,Tablet,Electronics,2897.06,North,16,5
2023-07-05,Laptop,Electronics,2422.8,East,6,15
2023-07-06,Accessories,Accessories,1602.95,West,40,
2023-07-07,Laptop,Electronics,3051.54,North,13,20
2023-07-08,Accessories,Electronics,739.03,North,48,5
2023-07-09,Laptop,Mobile,4496.4,South,35,15
2023-07-10,Accessories,Accessories,4155.2,North,19,10
2023-07-11,Accessories,Accessories,1621.78,South,12,
2023-07-12,Smartphone,Accessories,4766.35,West,16,15
2023-07-13,Accessories,Accessories,4134.74,West,43,15
2023-07-14,Smartphone,Mobile,3348.22,East,10,15
2023-07-15,Accessories,Mobile,652.72,East,25,5
2023-07-16,Tablet,Electronics,2417.26,East,20,5
2023-07-17,Tablet,Electronics,2555.23,North,31,10
2023-07-18,Tablet,Electronics,1201.13,West,4,25
2023-07-19,Accessories,Electronics,445.83,South,44,25
2023-07-20,Smartphone,Mobile,3894.78,East,23,25
2023-07-21,Smartphone,Accessories,654.07,South,2,
2023-07-22,Accessories,Mobile,2991.74,South,22,
2023-07-23,Tablet,Electronics,4685.42,East,37,10
2023-07-24,Tablet,Mobile,4386.72,West,8,
2023-07-25,Smartphone,Accessories,1424.88,East,7,25
2023-07-26,Tablet,Accessories,4264.67,South,14,25
2023-07-27,Laptop,Mobile,51.65,East,3,15
2023-07-28,Smartphone,Mobile,137.55,South,16,
2023-07-29,Tablet,Mobile,3032.64,South,19,5
2023-07-30,Smartphone,Electronics,1855.75,East,18,5
2023-07-31,Laptop,Mobile,1962.98,North,16,15
2023-08-01,Smartphone,Mobile,2843.98,East,8,15
2023-08-02,Smartphone,Mobile,999.32,North,33,15
2023-08-03,Smartphone,Accessories,1098.19,South,49,5
2023-08-04,Smartphone,Accessories,2448.78,South,12,25
2023-08-05,Laptop,Electronics,3783.56,North,11,15
2023-08-06,Accessories,Electronics,3116.51,South,5,10
2023-08-07,Smartphone,Accessories,1521.91,North,27,15
2023-08-08,Smartphone,Accessories,2180.17,North,12,20
2023-08-09,Tablet,Accessories,894.79,South,17,15
2023-08-10,Smartphone,Mobile,419.42,West,6,5
2023-08-11,Tablet,Mobile,3924.35,North,33,
2023-08-12,Accessories,Accessories,1363.67,East,5,15
2023-08-13,Laptop,Mobile,929.94,East,28,
2023-08-14,Laptop,Mobile,3473.51,South,14,20
2023-08-15,Accessories,Electronics,3109.36,West,5,10
2023-08-16,Laptop,Accessories,3184.29,South,33,
2023-08-17,Accessories,Accessories,1183.03,West,48,25
2023-08-18,Accessories,Mobile,1201.6,North,41,15
2023-08-19,Accessories,Accessories,1142.97,North,19,20
2023-08-20,Laptop,Electronics,910.08,North,22,20
2023-08-21,Tablet,Electronics,3295.83,North,5,
2023-08-22,Accessories,Electronics,4247.68,East,2,10
2023-08-23,Smartphone,Accessories,3635.37,East,30,5
2023-08-24,Laptop,Accessories,3970.86,South,47,15
2023-08-25,Accessories,Accessories,2053.75,West,39,20
2023-08-26,Accessories,Accessories,3287.68,North,4,10
2023-08-27,Smartphone,Accessories,1803.47,North,33,25
2023-08-28,Tablet,Electronics,2651.25,West,13,20
2023-08-29,Tablet,Mobile,2434.09,West,20,10
2023-08-30,Tablet,Electronics,925.59,South,7,5
2023-08-31,Accessories,Accessories,1966.04,West,15,5
2023-09-01,Accessories,Electronics,4820.92,North,23,20
2023-09-02,Accessories,Accessories,1280.47,North,14,20
2023-09-03,Laptop,Accessories,712.33,North,23,
2023-09-04,Smartphone,Electronics,2121.97,North,19,15
2023-09-05,Accessories,Accessories,3962.17,North,29,10
2023-09-06,Smartphone,Mobile,2931.63,South,20,20
2023-09-07,Smartphone,Accessories,3420.83,North,29,15
2023-09-08,Tablet,Mobile,988.99,South,24,
2023-09-09,Laptop,Mobile,3113.79,North,18,15
2023-09-10,Accessories,Accessories,1651.33,East,10,20
2023-09-11,Tablet,Electronics,4179.8,East,41,5
2023-09-12,Tablet,Mobile,3165.03,East,8,10
2023-09-13,Accessories,Electronics,1034.34,East,26,10
2023-09-14,Smartphone,Mobile,369.85,South,29,5
2023-09-15,Tablet,Accessories,261.03,South,10,20
2023-09-16,Smartphone,Accessories,1888.47,West,17,10
2023-09-17,Laptop,Mobile,1365.96,North,2,20
2023-09-18,Smartphone,Accessories,3248.15,East,6,
2023-09-19,Laptop,Mobile,2521.7,South,5,20
2023-09-20,Smartphone,Accessories,1366.8,North,28,15
2023-09-21,Tablet,Electronics,788.73,North,41,5
2023-09-22,Tablet,Accessories,679.64,South,5,20
2023-09-23,Laptop,Electronics,4330.07,East,18,
2023-09-24,Accessories,Accessories,1255.22,West,26,25
2023-09-25,Laptop,Electronics,3275.97,North,20,5
2023-09-26,Laptop,Accessories,4062.9,West,41,10
2023-09-27,Smartphone,Electronics,3089.7,East,49,15
2023-09-28,Smartphone,Mobile,4304.85,East,27,10
2023-09-29,Laptop,Mobile,1992.35,West,49,
2023-09-30,Tablet,Electronics,4783.3,East,12,
2023-10-01,Smartphone,Accessories,709.07,North,7,10
2023-10-02,Accessories,Electronics,555.64,West,3,5
2023-10-03,Smartphone,Accessories,3310.53,East,10,10
2023-10-04,Smartphone,Mobile,4717.01,West,34,20
2023-10-05,Accessories,Accessories,4053.97,North,25,10
2023-10-06,Laptop,Mobile,428.26,East,35,15
2023-10-07,Accessories,Accessories,1432.87,North,16,15
2023-10-08,Laptop,Accessories,4655.08,East,2,25
2023-10-09,Laptop,Accessories,1302.64,South,24,15
2023-10-10,Laptop,Electronics,3916.79,East,10,10
2023-10-11,Accessories,Electronics,4134.4,West,38,15
2023-10-12,Laptop,Mobile,2502.49,East,22,5
2023-10-13,Tablet,Mobile,1962.43,North,26,15
2023-10-14,Accessories,Electronics,2278.12,North,43,20
2023-10-15,Tablet,Mobile,1173.48,East,39,5
2023-10-16,Laptop,Electronics,4452.49,West,27,25
2023-10-17,Smartphone,Accessories,2280.57,South,29,20
2023-10-18,Laptop,Mobile,4418.17,West,47,10
2023-10-19,Tablet,Mobile,573.18,South,38,10
2023-10-20,Tablet,Electronics,4941.96,North,20,10
2023-10-21,Accessories,Mobile,2244.2,West,27,20
2023-10-22,Smartphone,Mobile,286.76,South,41,20
2023-10-23,Accessories,Accessories,238.21,East,20,20
2023-10-24,Tablet,Mobile,3743.73,North,44,5
2023-10-25,Laptop,Accessories,3312.23,East,19,
2023-10-26,Smartphone,Electronics,4020.55,North,20,5
2023-10-27,Laptop,Mobile,571.57,West,35,10
2023-10-28,Laptop,Accessories,226.08,West,47,
2023-10-29,Smartphone,Electronics,2567.47,North,2,15
2023-10-30,Accessories,Mobile,1968.6,North,30,10
2023-10-31,Laptop,Electronics,2336.64,North,34,25
2023-11-01,Tablet,Mobile,4958.36,West,22,5
2023-11-02,Laptop,Electronics,4855.21,South,3,20
2023-11-03,Smartphone,Electronics,4714.46,East,6,5
2023-11-04,Smartphone,Accessories,3930.02,East,15,20
2023-11-05,Smartphone,Electronics,1806.46,West,27,
2023-11-06,Accessories,Mobile,2090.05,East,10,25
2023-11-07,Laptop,Mobile,2770.6,North,9,
2023-11-08,Accessories,Accessories,4161.15,South,33,25
2023-11-09,Accessories,Mobile,390.13,East,32,5
2023-11-10,Smartphone,Mobile,2150.27,South,48,20
2023-11-11,Smartphone,Mobile,458.96,North,6,
2023-11-12,Accessories,Electronics,2597.56,East,41,25
2023-11-13,Laptop,Electronics,4499.56,West,36,10
2023-11-14,Tablet,Mobile,3923.3,South,2,10
2023-11-15,Accessories,Accessories,1177.82,North,29,
2023-11-16,Laptop,Electronics,4881.15,South,4,20
2023-11-17,Smartphone,Accessories,3353.38,East,1,
2023-11-18,Smartphone,Mobile,101.62,East,19,5
2023-11-19,Laptop,Mobile,1314.3,West,26,25
2023-11-20,Tablet,Electronics,1340.53,North,25,5
2023-11-21,Smartphone,Mobile,392.81,North,10,10
2023-11-22,Smartphone,Electronics,4801.14,West,15,25
2023-11-23,Smartphone,Mobile,2417.36,West,22,
2023-11-24,Laptop,Mobile,4484.28,North,48,5
2023-11-25,Accessories,Electronics,1644.97,South,21,15
2023-11-26,Smartphone,Electronics,669.91,South,22,20
2023-11-27,Accessories,Electronics,2397.96,West,36,20
2023-11-28,Tablet,Mobile,614.09,South,34,15
2023-11-29,Smartphone,Mobile,2455.78,North,30,10
2023-11-30,Smartphone,Accessories,4605.47,East,25,25
2023-12-01,Tablet,Electronics,2627.8,East,45,20
2023-12-02,Smartphone,Mobile,3101.67,South,28,15
2023-12-03,Accessories,Mobile,825.36,West,1,
2023-12-04,Laptop,Electronics,266.49,West,49,15
2023-12-05,Accessories,Accessories,598.5,West,45,10
2023-12-06,Laptop,Electronics,3012.73,West,4,10
2023-12-07,Laptop,Accessories,520.31,West,7,5
2023-12-08,Accessories,Mobile,1911.16,South,49,20
2023-12-09,Accessories,Accessories,2772.96,East,9,5
2023-12-10,Accessories,Mobile,1973.83,East,36,15
2023-12-11,Accessories,Electronics,860.23,South,19,25
2023-12-12,Tablet,Electronics,1405.27,West,1,25
2023-12-13,Smartphone,Electronics,4645.17,South,10,10
2023-12-14,Laptop,Accessories,3396.11,East,36,25
2023-12-15,Accessories,Mobile,2505.44,North,9,25
2023-12-16,Accessories,Electronics,112.94,South,45,25
2023-12-17,Accessories,Electronics,4962.46,West,46,15
2023-12-18,Tablet,Mobile,3373.7,East,42,25
2023-12-19,Accessories,Electronics,1618.77,East,32,
2023-12-20,Accessories,Mobile,4402.38,East,32,25
2023-12-21,Accessories,Mobile,1329.24,East,6,25
2023-12-22,Smartphone,Mobile,2742.88,West,48,5
2023-12-23,Tablet,Mobile,3198.55,North,38,15
2023-12-24,Accessories,Mobile,1144.26,East,17,10
2023-12-25,Laptop,Accessories,4893.07,South,10,5
2023-12-26,Laptop,Electronics,3753.55,North,27,20
2023-12-27,Laptop,Accessories,2811.18,East,35,15
2023-12-28,Tablet,Electronics,943.94,North,21,
2023-12-29,Tablet,Accessories,316.6,South,25,15
2023-12-30,Laptop,Mobile,1634.3,East,28,20
2023-12-31,Accessories,Electronics,3778.28,South,47,20
2024-01-01,Tablet,Electronics,1383.19,West,15,20
2024-01-02,Laptop,Accessories,2720.8,East,4,10
2024-01-03,Laptop,Accessories,3653.34,East,29,25
2024-01-04,Accessories,Electronics,584.32,East,9,15
2024-01-05,Smartphone,Accessories,3442.23,East,27,25
2024-01-06,Tablet,Accessories,504.76,West,26,25
2024-01-07,Accessories,Accessories,4827.39,East,19,
2024-01-08,Laptop,Mobile,2467.55,North,28,20
2024-01-09,Laptop,Mobile,795.85,East,17,10
2024-01-10,Accessories,Accessories,1744.8,West,43,
2024-01-11,Tablet,Accessories,2096.41,East,41,5
2024-01-12,Smartphone,Mobile,3803.02,North,42,10
2024-01-13,Smartphone,Mobile,3729.95,West,20,25
2024-01-14,Laptop,Electronics,3079.11,West,45,10
2024-01-15,Tablet,Electronics,574.36,North,40,20
2024-01-16,Smartphone,Mobile,800.27,North,39,5
2024-01-17,Tablet,Accessories,514.1,North,49,20
2024-01-18,Tablet,Accessories,2907.01,North,23,5
2024-01-19,Laptop,Accessories,4391.84,North,47,
2024-01-20,Smartphone,Accessories,2197.31,West,32,25
2024-01-21,Accessories,Electronics,846.2,West,47,5
2024-01-22,Laptop,Mobile,2812.31,East,33,5
2024-01-23,Smartphone,Accessories,4068.17,East,46,5
2024-01-24,Smartphone,Electronics,3721.47,South,5,10
2024-01-25,Smartphone,Accessories,4413.18,East,43,
2024-01-26,Smartphone,Mobile,1425.62,East,48,10
2024-01-27,Smartphone,Electronics,1010.07,North,34,25
2024-01-28,Tablet,Mobile,4405.09,North,40,5
2024-01-29,Laptop,Mobile,3304.92,East,11,
2024-01-30,Tablet,Electronics,1589.1,South,3,
2024-01-31,Accessories,Electronics,3724.62,North,33,15
2024-02-01,Smartphone,Electronics,4084.84,East,11,25
2024-02-02,Laptop,Electronics,3094.14,East,16,
2024-02-03,Smartphone,Electronics,3455.03,West,18,5
2024-02-04,Laptop,Electronics,1907.54,South,30,5
2024-02-05,Tablet,Electronics,2716.54,West,48,
2024-02-06,Laptop,Accessories,2644.59,South,10,10
2024-02-07,Accessories,Mobile,4247.84,North,18,25
2024-02-08,Accessories,Electronics,4207.82,South,38,5
2024-02-09,Laptop,Accessories,4171.77,East,19,
2024-02-10,Laptop,Accessories,104.61,East,36,5
2024-02-11,Laptop,Accessories,3760.25,South,13,
2024-02-12,Laptop,Mobile,3805.45,South,46,25
2024-02-13,Accessories,Electronics,3407.98,South,3,
2024-02-14,Smartphone,Accessories,3793.51,West,10,15
2024-02-15,Laptop,Mobile,4217.75,South,38,
2024-02-16,Laptop,Mobile,2378.08,North,1,
2024-02-17,Accessories,Mobile,2535.15,West,27,25
2024-02-18,Accessories,Accessories,667.33,West,46,
2024-02-19,Tablet,Electronics,1957.61,South,8,25
2024-02-20,Laptop,Accessories,3234.66,North,46,15
2024-02-21,Tablet,Accessories,3912.98,West,42,25
2024-02-22,Accessories,Electronics,1125.19,East,17,5
2024-02-23,Accessories,Electronics,732.22,West,9,25
2024-02-24,Smartphone,Electronics,3332.06,South,6,15
2024-02-25,Laptop,Mobile,59.31,North,43,20
2024-02-26,Tablet,Electronics,932.94,South,25,
2024-02-27,Accessories,Accessories,193.9,East,39,25
2024-02-28,Accessories,Electronics,876.08,East,49,
2024-02-29,Tablet,Accessories,947.53,East,28,10
2024-03-01,Smartphone,Mobile,1968.98,South,33,5
2024-03-02,Accessories,Accessories,2041.52,West,37,5
2024-03-03,Laptop,Accessories,4377.6,South,9,10
2024-03-04,Accessories,Electronics,2575.04,North,18,10
2024-03-05,Laptop,Electronics,3630.85,West,21,25
2024-03-06,Tablet,Accessories,565.48,East,2,10
2024-03-07,Laptop,Electronics,1165.92,South,43,20
2024-03-08,Tablet,Mobile,3529.57,East,38,
2024-03-09,Laptop,Mobile,311.38,East,40,
2024-03-10,Tablet,Electronics,2458.66,North,36,15
2024-03-11,Laptop,Mobile,3016.88,West,43,10
2024-03-12,Smartphone,Electronics,3030.62,North,37,10
2024-03-13,Laptop,Accessories,163.52,North,15,20
2024-03-14,Laptop,Accessories,1644.43,North,28,5
2024-03-15,Smartphone,Mobile,3200.63,East,18,5
2024-03-16,Accessories,Electronics,787.55,North,34,
2024-03-17,Accessories,Electronics,3492.31,North,22,
2024-03-18,Laptop,Mobile,3742.33,West,11,25
2024-03-19,Smartphone,Accessories,4910.75,West,13,20
2024-03-20,Laptop,Mobile,1088.72,North,4,15
2024-03-21,Tablet,Accessories,4134.4,West,22,15
2024-03-22,Tablet,Electronics,2625.47,West,7,20
2024-03-23,Laptop,Accessories,1898.64,North,43,15
2024-03-24,Accessories,Mobile,655.76,East,24,5
2024-03-25,Accessories,Electronics,3690.75,North,4,15
2024-03-26,Laptop,Mobile,1217.5,West,28,15
2024-03-27,Laptop,Mobile,1888.54,East,15,20
2024-03-28,Tablet,Accessories,359.58,South,1,20
2024-03-29,Accessories,Mobile,4016.77,East,3,15
2024-03-30,Laptop,Accessories,3844.61,West,14,10
2024-03-31,Tablet,Electronics,3681.4,East,38,20
2024-04-01,Accessories,Accessories,1532.25,North,1,25
2024-04-02,Smartphone,Electronics,908.73,South,38,25
2024-04-03,Tablet,Accessories,3205.89,South,38,5
2024-04-04,Accessories,Mobile,2506.02,South,21,15
2024-04-05,Accessories,Accessories,932.35,West,48,10
2024-04-06,Tablet,Accessories,3445.26,West,29,5
2024-04-07,Smartphone,Electronics,4956.08,South,5,15
2024-04-08,Tablet,Mobile,3748.74,East,49,20
2024-04-09,Accessories,Accessories,3712.93,South,10,25
2024-04-10,Laptop,Mobile,4754.05,East,28,
2024-04-11,Laptop,Accessories,1054.54,East,21,10
2024-04-12,Tablet,Accessories,2849.47,West,7,
2024-04-13,Accessories,Mobile,4899.25,East,3,25
2024-04-14,Laptop,Accessories,868.21,South,45,
2024-04-15,Accessories,Mobile,3516.25,West,47,20
2024-04-16,Tablet,Accessories,2949.76,North,20,15
2024-04-17,Laptop,Electronics,2953.07,North,19,20
2024-04-18,Accessories,Mobile,3503.47,West,35,
2024-04-19,Laptop,Accessories,4651.6,South,4,20
2024-04-20,Tablet,Accessories,3923.78,North,5,25
2024-04-21,Accessories,Electronics,327.87,North,1,10
2024-04-22,Laptop,Mobile,4271.0,East,4,20
2024-04-23,Tablet,Accessories,1166.43,East,12,25
2024-04-24,Laptop,Electronics,1915.73,South,27,10
2024-04-25,Laptop,Accessories,2335.58,West,42,15
2024-04-26,Smartphone,Mobile,2430.48,South,23,
2024-04-27,Smartphone,Accessories,2204.14,West,25,15
2024-04-28,Tablet,Accessories,4689.9,North,21,5
2024-04-29,Smartphone,Accessories,3544.79,East,24,25
2024-04-30,Tablet,Accessories,3174.29,South,25,10
2024-05-01,Smartphone,Electronics,296.72,South,45,20
2024-05-02,Laptop,Electronics,4524.37,West,46,15
2024-05-03,Tablet,Mobile,4551.48,West,32,10
2024-05-04,Tablet,Electronics,3912.05,South,32,25
2024-05-05,Laptop,Electronics,84.79,West,5,5
2024-05-06,Tablet,Mobile,333.54,South,36,15
2024-05-07,Tablet,Electronics,1164.86,South,46,
2024-05-08,Smartphone,Electronics,700.18,South,42,10
2024-05-09,Tablet,Mobile,2024.24,North,49,
2024-05-10,Accessories,Mobile,4616.98,West,42,10
2024-05-11,Laptop,Mobile,2386.7,East,39,10
2024-05-12,Smartphone,Accessories,116.34,East,16,25
2024-05-13,Smartphone,Accessories,1449.59,West,33,25
2024-05-14,Accessories,Mobile,270.74,South,49,25
2024-05-15,Laptop,Mobile,229.62,East,21,20
2024-05-16,Laptop,Mobile,1414.81,East,9,10
2024-05-17,Smartphone,Accessories,1414.28,West,6,15
2024-05-18,Tablet,Accessories,3946.28,East,45,
2024-05-19,Smartphone,Electronics,4875.43,South,35,25
2024-05-20,Laptop,Electronics,1887.48,West,39,25
2024-05-21,Accessories,Mobile,2172.99,South,22,
2024-05-22,Smartphone,Accessories,4231.71,East,41,
2024-05-23,Laptop,Accessories,1377.29,East,5,10
2024-05-24,Smartphone,Accessories,824.09,South,42,25
2024-05-25,Tablet,Mobile,4272.79,North,23,
2024-05-26,Smartphone,Electronics,280.18,East,17,20
2024-05-27,Smartphone,Mobile,3117.51,North,12,20
2024-05-28,Laptop,Electronics,2831.86,East,23,25
2024-05-29,Laptop,Electronics,1762.31,North,16,
2024-05-30,Laptop,Mobile,1610.19,North,3,10
2024-05-31,Smartphone,Electronics,3870.7,North,30,10
2024-06-01,Tablet,Electronics,477.8,South,22,10
2024-06-02,Accessories,Accessories,1222.08,North,9,5
2024-06-03,Accessories,Electronics,3675.62,North,29,25
2024-06-04,Laptop,Mobile,2764.19,North,47,10
2024-06-05,Laptop,Mobile,683.54,East,37,20
2024-06-06,Smartphone,Electronics,4416.57,North,23,
2024-06-07,Accessories,Accessories,1997.57,East,13,15
2024-06-08,Laptop,Accessories,4147.95,North,32,15
2024-06-09,Tablet,Electronics,3949.18,North,46,10
2024-06-10,Tablet,Electronics,3140.91,South,47,15
2024-06-11,Laptop,Mobile,2497.68,East,48,15
2024-06-12,Laptop,Electronics,4898.78,North,23,5
2024-06-13,Accessories,Accessories,767.58,East,45,20
2024-06-14,Accessories,Electronics,3639.52,East,17,20
2024-06-15,Smartphone,Mobile,996.39,West,40,5
2024-06-16,Accessories,Mobile,1724.4,South,21,5
2024-06-17,Tablet,Mobile,1578.06,South,2,15
2024-06-18,Tablet,Mobile,4737.83,South,37,25
2024-06-19,Laptop,Mobile,4838.41,West,6,
2024-06-20,Accessories,Electronics,955.93,West,44,
2024-06-21,Smartphone,Electronics,159.07,South,18,15
2024-06-22,Tablet,Electronics,3614.04,West,30,
2024-06-23,Tablet,Electronics,2119.05,West,22,5
2024-06-24,Smartphone,Mobile,489.76,West,33,20
2024-06-25,Smartphone,Accessories,3434.58,South,30,
2024-06-26,Tablet,Electronics,2748.27,South,17,15
2024-06-27,Tablet,Accessories,4903.56,South,43,25
2024-06-28,Smartphone,Electronics,1175.68,West,32,15
2024-06-29,Tablet,Electronics,2049.69,South,42,10
2024-06-30,Laptop,Accessories,2735.6,West,14,15
2024-07-01,Laptop,Mobile,3968.91,North,10,5
2024-07-02,Smartphone,Electronics,2766.75,West,47,20
2024-07-03,Accessories,Electronics,3083.86,East,36,20
2024-07-04,Smartphone,Electronics,1169.43,South,34,
2024-07-05,Smartphone,Accessories,4242.25,South,9,5
2024-07-06,Accessories,Mobile,2171.72,East,42,10
2024-07-07,Accessories,Accessories,747.75,West,28,5
2024-07-08,Accessories,Accessories,3337.73,North,11,15
2024-07-09,Laptop,Mobile,1119.65,East,14,5
2024-07-10,Tablet,Accessories,532.93,East,39,5
2024-07-11,Laptop,Mobile,4316.84,West,47,10
2024-07-12,Tablet,Electronics,2327.8,South,19,15
2024-07-13,Laptop,Mobile,3758.95,West,15,25
2024-07-14,Tablet,Electronics,1488.41,East,28,25
2024-07-15,Laptop,Accessories,3945.5,East,24,20
2024-07-16,Accessories,Accessories,604.08,South,8,
2024-07-17,Smartphone,Electronics,1812.07,South,43,5
2024-07-18,Laptop,Accessories,4891.41,South,9,20
2024-07-19,Tablet,Mobile,3980.25,West,47,10
2024-07-20,Accessories,Electronics,2511.42,South,33,25
2024-07-21,Laptop,Accessories,1731.9,East,33,5
2024-07-22,Laptop,Electronics,4367.07,East,19,10
2024-07-23,Accessories,Mobile,2747.0,North,3,
2024-07-24,Laptop,Mobile,3804.2,West,10,10
2024-07-25,Smartphone,Accessories,3782.83,North,40,5
2024-07-26,Laptop,Mobile,138.83,East,47,
2024-07-27,Smartphone,Electronics,674.96,North,42,10
2024-07-28,Smartphone,Mobile,3315.17,East,1,
2024-07-29,Accessories,Electronics,850.02,North,29,5
2024-07-30,Laptop,Electronics,1314.69,South,34,5
2024-07-31,Accessories,Mobile,4735.86,North,13,
2024-08-01,Laptop,Accessories,2822.9,South,1,15
2024-08-02,Laptop,Mobile,3766.11,South,34,20
2024-08-03,Tablet,Electronics,2812.0,West,29,10
2024-08-04,Laptop,Electronics,2784.94,South,48,10
2024-08-05,Accessories,Mobile,516.05,South,47,15
2024-08-06,Smartphone,Accessories,1751.13,North,13,15
2024-08-07,Laptop,Accessories,1448.03,East,48,15
2024-08-08,Tablet,Electronics,1984.11,West,49,25
2024-08-09,Accessories,Electronics,4001.8,South,29,25
2024-08-10,Laptop,Accessories,1891.07,West,39,
2024-08-11,Accessories,Mobile,2285.9,North,24,25
2024-08-12,Tablet,Electronics,2017.04,South,26,5
2024-08-13,Tablet,Electronics,512.37,North,17,
2024-08-14,Accessories,Accessories,2233.31,West,7,10
2024-08-15,Laptop,Mobile,1018.27,North,13,20
2024-08-16,Smartphone,Accessories,974.28,West,5,5
2024-08-17,Tablet,Mobile,515.48,North,26,10
2024-08-18,Laptop,Mobile,1815.52,West,49,10
2024-08-19,Laptop,Mobile,3799.54,East,3,
2024-08-20,Smartphone,Electronics,1418.39,North,7,15
2024-08-21,Tablet,Accessories,1596.13,North,49,15
2024-08-22,Tablet,Accessories,3231.24,East,39,5
2024-08-23,Laptop,Mobile,1019.41,East,1,15
2024-08-24,Laptop,Electronics,4489.94,North,49,10
2024-08-25,Smartphone,Electronics,2624.94,East,17,15
2024-08-26,Smartphone,Accessories,2265.63,South,43,25
2024-08-27,Tablet,Electronics,2811.21,West,25,15
2024-08-28,Accessories,Electronics,871.87,West,3,10
2024-08-29,Tablet,Mobile,3086.69,West,15,
2024-08-30,Laptop,Electronics,1847.35,South,29,5
2024-08-31,Tablet,Mobile,4491.07,East,43,20
2024-09-01,Accessories,Accessories,885.83,East,32,15
2024-09-02,Smartphone,Electronics,2559.9,North,26,10
2024-09-03,Accessories,Accessories,3010.66,East,16,20
2024-09-04,Accessories,Accessories,215.25,North,25,20
2024-09-05,Accessories,Electronics,1850.28,South,28,25
2024-09-06,Smartphone,Electronics,3676.54,West,9,20
2024-09-07,Accessories,Accessories,4110.87,West,1,
2024-09-08,Accessories,Electronics,1600.15,West,29,10
2024-09-09,Accessories,Mobile,4003.04,East,22,10
2024-09-10,Laptop,Mobile,4840.39,North,16,15
2024-09-11,Accessories,Electronics,4291.53,North,41,15
2024-09-12,Smartphone,Accessories,632.34,South,44,15
2024-09-13,Accessories,Electronics,3711.67,East,41,
2024-09-14,Accessories,Electronics,1632.35,South,7,20
2024-09-15,Smartphone,Accessories,4942.66,North,14,20
2024-09-16,Accessories,Accessories,2452.53,North,29,25
2024-09-17,Smartphone,Mobile,656.05,West,19,
2024-09-18,Accessories,Accessories,3639.67,East,19,15
2024-09-19,Smartphone,Mobile,1648.91,North,2,5
2024-09-20,Accessories,Accessories,4985.54,West,41,25
2024-09-21,Accessories,Electronics,4899.92,East,45,5
2024-09-22,Laptop,Mobile,3297.86,South,15,20
2024-09-23,Laptop,Mobile,692.64,East,3,25
2024-09-24,Accessories,Mobile,3449.96,East,11,25
2024-09-25,Accessories,Electronics,510.5,North,46,10
2024-09-26,Tablet,Electronics,195.35,North,30,20
